i,j,km
D1,D2,60.0
D1,D3,60.0
D1,D4,84.85
D1,C01,14.42
D1,C02,24.17
D1,C03,35.36
D1,C04,49.48
D1,C05,57.56
D1,C06,20.59
D1,C07,32.02
D1,C08,36.72
D1,C09,50.09
D1,C10,57.87
D1,C11,30.41
D1,C12,36.72
D1,C13,41.04
D1,C14,54.67
D1,C15,67.08
D1,C16,42.76
D1,C17,50.29
D1,C18,53.0
D1,C19,62.48
D1,C20,71.61
D1,C21,55.08
D1,C22,60.73
D1,C23,61.06
D1,C24,71.7
D1,C25,78.1
D1,C26,11.18
D1,C27,27.73
D1,C28,40.85
D1,C29,50.8
D1,C30,59.91
D1,C31,24.74
D1,C32,26.25
D1,C33,41.62
D1,C34,55.57
D1,C35,60.17
D1,C36,38.21
D1,C37,45.65
D1,C38,52.35
D1,C39,65.6
D1,C40,71.02
D1,C41,48.04
D1,C42,54.41
D1,C43,64.4
D1,C44,68.12
D1,C45,79.21
D1,C46,18.44
D1,C47,30.53
D1,C48,44.72
D1,C49,54.34
D1,C50,63.25
D2,D1,60.0
D2,D3,84.85
D2,D4,60.0
D2,C01,48.66
D2,C02,39.29
D2,C03,25.5
D2,C04,16.97
D2,C05,8.54
D2,C06,53.14
D2,C07,47.17
D2,C08,33.29
D2,C09,26.63
D2,C10,18.68
D2,C11,62.65
D2,C12,52.8
D2,C13,41.04
D2,C14,39.36
D2,C15,30.0
D2,C16,66.84
D2,C17,65.8
D2,C18,55.22
D2,C19,52.0
D2,C20,42.05
D2,C21,79.21
D2,C22,71.61
D2,C23,59.06
D2,C24,56.75
D2,C25,50.0
D2,C26,50.25
D2,C27,37.0
D2,C28,26.63
D2,C29,13.45
D2,C30,15.13
D2,C31,59.09
D2,C32,47.42
D2,C33,35.38
D2,C34,30.46
D2,C35,22.36
D2,C36,67.68
D2,C37,55.17
D2,C38,44.94
D2,C39,40.79
D2,C40,38.0
D2,C41,75.29
D2,C42,68.12
D2,C43,66.24
D2,C44,54.41
D2,C45,55.08
D2,C46,50.0
D2,C47,37.58
D2,C48,28.28
D2,C49,13.89
D2,C50,20.0
D3,D1,60.0
D3,D2,84.85
D3,D4,60.0
D3,C01,53.37
D3,C02,54.63
D3,C03,65.19
D3,C04,67.88
D3,C05,77.16
D3,C06,43.17
D3,C07,40.31
D3,C08,52.8
D3,C09,58.9
D3,C10,69.2
D3,C11,30.41
D3,C12,33.29
D3,C13,43.86
D3,C14,48.88
D3,C15,67.08
D3,C16,19.7
D3,C17,19.21
D3,C18,31.76
D3,C19,41.76
D3,C20,60.73
D3,C21,5.83
D3,C22,18.11
D3,C23,32.98
D3,C24,46.27
D3,C25,60.83
D3,C26,55.9
D3,C27,54.12
D3,C28,58.9
D3,C29,71.42
D3,C30,73.41
D3,C31,36.5
D3,C32,43.46
D3,C33,49.52
D3,C34,57.69
D3,C35,67.68
D3,C36,22.36
D3,C37,29.73
D3,C38,42.19
D3,C39,55.71
D3,C40,63.91
D3,C41,12.17
D3,C42,17.89
D3,C43,28.07
D3,C44,44.72
D3,C45,57.22
D3,C46,47.54
D3,C47,51.11
D3,C48,56.57
D3,C49,71.51
D3,C50,72.11
D4,D1,84.85
D4,D2,60.0
D4,D3,60.0
D4,C01,70.77
D4,C02,62.8
D4,C03,60.42
D4,C04,49.48
D4,C05,52.09
D4,C06,65.3
D4,C07,53.15
D4,C08,50.48
D4,C09,40.85
D4,C10,42.3
D4,C11,62.65
D4,C12,50.48
D4,C13,43.86
D4,C14,30.81
D4,C15,30.0
D4,C16,55.03
D4,C17,46.57
D4,C18,35.34
D4,C19,23.32
D4,C20,18.11
D4,C21,57.22
D4,C22,42.05
D4,C23,29.12
D4,C24,14.87
D4,C25,10.0
D4,C26,74.33
D4,C27,59.41
D4,C28,50.09
D4,C29,51.97
D4,C30,45.04
D4,C31,64.9
D4,C32,58.73
D4,C33,44.41
D4,C34,34.18
D4,C35,38.21
D4,C36,60.17
D4,C37,42.94
D4,C38,32.56
D4,C39,21.54
D4,C40,22.0
D4,C41,59.23
D4,C42,44.72
D4,C43,32.06
D4,C44,17.89
D4,C45,5.83
D4,C46,66.48
D4,C47,55.61
D4,C48,44.72
D4,C49,48.51
D4,C50,40.0
C01,D1,14.42
C01,D2,48.66
C01,D3,53.37
C01,D4,70.77
C01,C02,10.2
C01,C03,23.19
C01,C04,36.22
C01,C05,45.0
C01,C06,10.2
C01,C07,18.79
C01,C08,22.36
C01,C09,35.85
C01,C10,44.15
C01,C11,23.09
C01,C12,24.74
C01,C13,26.91
C01,C14,40.36
C01,C15,52.8
C01,C16,34.23
C01,C17,40.11
C01,C18,40.31
C01,C19,48.83
C01,C20,57.2
C01,C21,47.85
C01,C22,50.36
C01,C23,48.33
C01,C24,58.01
C01,C25,63.78
C01,C26,3.61
C01,C27,13.6
C01,C28,26.93
C01,C29,38.01
C01,C30,46.53
C01,C31,17.09
C01,C32,13.0
C01,C33,27.2
C01,C34,41.18
C01,C35,46.17
C01,C36,31.05
C01,C37,33.53
C01,C38,38.42
C01,C39,51.22
C01,C40,56.6
C01,C41,41.23
C01,C42,44.18
C01,C43,52.5
C01,C44,54.41
C01,C45,65.07
C01,C46,6.0
C01,C47,16.12
C01,C48,30.46
C01,C49,41.19
C01,C50,49.48
C02,D1,24.17
C02,D2,39.29
C02,D3,54.63
C02,D4,62.8
C02,C01,10.2
C02,C03,13.93
C02,C04,26.08
C02,C05,35.06
C02,C06,14.42
C02,C07,15.13
C02,C08,12.81
C02,C09,25.94
C02,C10,33.96
C02,C11,26.25
C02,C12,22.36
C02,C13,19.7
C02,C14,32.02
C02,C15,42.94
C02,C16,34.93
C02,C17,38.64
C02,C18,35.51
C02,C19,42.05
C02,C20,48.17
C02,C21,48.85
C02,C22,48.17
C02,C23,43.17
C02,C24,51.0
C02,C25,55.17
C02,C26,13.0
C02,C27,3.61
C02,C28,16.76
C02,C29,28.02
C02,C30,36.35
C02,C31,21.26
C02,C32,11.18
C02,C33,18.44
C02,C34,31.62
C02,C35,36.06
C02,C36,33.29
C02,C37,30.0
C02,C38,31.3
C02,C39,42.43
C02,C40,47.2
C02,C41,42.94
C02,C42,42.43
C02,C43,48.37
C02,C44,47.41
C02,C45,57.01
C02,C46,10.77
C02,C47,7.21
C02,C48,20.59
C02,C49,31.06
C02,C50,39.29
C03,D1,35.36
C03,D2,25.5
C03,D3,65.19
C03,D4,60.42
C03,C01,23.19
C03,C02,13.93
C03,C04,14.76
C03,C05,22.2
C03,C06,28.18
C03,C07,25.0
C03,C08,13.34
C03,C09,19.72
C03,C10,23.85
C03,C11,39.05
C03,C12,31.91
C03,C13,23.54
C03,C14,30.81
C03,C15,35.36
C03,C16,45.8
C03,C17,47.42
C03,C18,40.61
C03,C19,43.29
C03,C20,43.57
C03,C21,59.36
C03,C22,55.66
C03,C23,47.1
C03,C24,51.2
C03,C25,51.48
C03,C26,25.0
C03,C27,12.21
C03,C28,10.44
C03,C29,15.52
C03,C30,25.08
C03,C31,34.67
C03,C32,23.43
C03,C33,19.03
C03,C34,26.42
C03,C35,27.02
C03,C36,45.28
C03,C37,37.34
C03,C38,33.02
C03,C39,38.91
C03,C40,41.4
C03,C41,54.2
C03,C42,50.7
C03,C43,53.46
C03,C44,47.85
C03,C45,54.63
C03,C46,24.7
C03,C47,14.21
C03,C48,15.81
C03,C49,19.31
C03,C50,29.15
C04,D1,49.48
C04,D2,16.97
C04,D3,67.88
C04,D4,49.48
C04,C01,36.22
C04,C02,26.08
C04,C03,14.76
C04,C05,9.85
C04,C06,38.47
C04,C07,30.87
C04,C08,17.09
C04,C09,10.44
C04,C10,9.22
C04,C11,46.62
C04,C12,36.06
C04,C13,24.08
C04,C14,23.77
C04,C15,21.63
C04,C16,50.0
C04,C17,48.84
C04,C18,38.59
C04,C19,36.88
C04,C20,31.62
C04,C21,62.24
C04,C22,54.92
C04,C23,43.08
C04,C24,43.05
C04,C25,39.85
C04,C26,38.64
C04,C27,23.0
C04,C28,10.44
C04,C29,3.61
C04,C30,10.44
C04,C31,43.68
C04,C32,32.02
C04,C33,18.44
C04,C34,16.0
C04,C35,12.81
C04,C36,51.11
C04,C37,38.21
C04,C38,28.64
C04,C39,28.28
C04,C40,28.64
C04,C41,58.41
C04,C42,51.22
C04,C43,50.16
C04,C44,40.2
C04,C45,43.93
C04,C46,36.06
C04,C47,22.36
C04,C48,11.31
C04,C49,5.0
C04,C50,14.42
C05,D1,57.56
C05,D2,8.54
C05,D3,77.16
C05,D4,52.09
C05,C01,45.0
C05,C02,35.06
C05,C03,22.2
C05,C04,9.85
C05,C06,48.05
C05,C07,40.72
C05,C08,26.93
C05,C09,18.44
C05,C10,10.2
C05,C11,56.46
C05,C12,45.79
C05,C13,33.6
C05,C14,30.89
C05,C15,22.2
C05,C16,59.64
C05,C17,58.0
C05,C18,47.01
C05,C19,43.46
C05,C20,34.01
C05,C21,71.59
C05,C22,63.41
C05,C23,50.61
C05,C24,48.27
C05,C25,42.11
C05,C26,47.1
C05,C27,32.25
C05,C28,20.25
C05,C29,7.07
C05,C30,7.07
C05,C31,53.45
C05,C32,41.76
C05,C33,28.02
C05,C34,21.93
C05,C35,14.04
C05,C36,60.9
C05,C37,47.42
C05,C38,36.62
C05,C39,32.39
C05,C40,30.15
C05,C41,68.01
C05,C42,60.14
C05,C43,57.8
C05,C44,45.88
C05,C45,47.0
C05,C46,45.4
C05,C47,32.02
C05,C48,20.81
C05,C49,5.66
C05,C50,12.37
C06,D1,20.59
C06,D2,53.14
C06,D3,43.17
C06,D4,65.3
C06,C01,10.2
C06,C02,14.42
C06,C03,28.18
C06,C04,38.47
C06,C05,48.05
C06,C07,12.21
C06,C08,22.0
C06,C09,35.23
C06,C10,45.0
C06,C11,13.0
C06,C12,16.12
C06,C13,22.36
C06,C14,36.24
C06,C15,51.42
C06,C16,24.08
C06,C17,30.41
C06,C18,32.45
C06,C19,42.43
C06,C20,53.67
C06,C21,37.66
C06,C22,40.79
C06,C23,40.5
C06,C24,51.62
C06,C25,59.36
C06,C26,13.0
C06,C27,16.16
C06,C28,28.16
C06,C29,41.0
C06,C30,48.09
C06,C31,7.21
C06,C32,7.28
C06,C33,24.74
C06,C34,39.29
C06,C35,46.17
C06,C36,20.88
C06,C37,25.06
C06,C38,32.8
C06,C39,47.41
C06,C40,53.85
C06,C41,31.05
C06,C42,34.53
C06,C43,43.86
C06,C44,48.08
C06,C45,59.82
C06,C46,4.47
C06,C47,16.12
C06,C48,30.07
C06,C49,43.42
C06,C50,50.04
C07,D1,32.02
C07,D2,47.17
C07,D3,40.31
C07,D4,53.15
C07,C01,18.79
C07,C02,15.13
C07,C03,25.0
C07,C04,30.87
C07,C05,40.72
C07,C06,12.21
C07,C08,13.89
C07,C09,25.18
C07,C10,35.69
C07,C11,15.81
C07,C12,7.28
C07,C13,10.44
C07,C14,24.17
C07,C15,40.31
C07,C16,20.81
C07,C17,23.54
C07,C18,21.54
C07,C19,30.48
C07,C20,41.63
C07,C21,34.48
C07,C22,33.06
C07,C23,29.55
C07,C24,39.7
C07,C25,47.17
C07,C26,22.36
C07,C27,13.93
C07,C28,20.59
C07,C29,34.0
C07,C30,39.29
C07,C31,14.04
C07,C32,5.83
C07,C33,14.04
C07,C34,28.16
C07,C35,36.12
C07,C36,20.62
C07,C37,15.13
C07,C38,20.62
C07,C39,35.34
C07,C40,42.06
C07,C41,29.21
C07,C42,27.29
C07,C43,33.96
C07,C44,36.12
C07,C45,47.63
C07,C46,13.6
C07,C47,10.82
C07,C48,20.62
C07,C49,35.47
C07,C50,40.31
C08,D1,36.72
C08,D2,33.29
C08,D3,52.8
C08,D4,50.48
C08,C01,22.36
C08,C02,12.81
C08,C03,13.34
C08,C04,17.09
C08,C05,26.93
C08,C06,22.0
C08,C07,13.89
C08,C09,13.6
C08,C10,23.0
C08,C11,29.55
C08,C12,19.8
C08,C13,10.2
C08,C14,19.72
C08,C15,30.46
C08,C16,33.94
C08,C17,34.48
C08,C18,27.29
C08,C19,31.05
C08,C20,35.38
C08,C21,47.01
C08,C22,42.38
C08,C23,34.0
C08,C24,39.56
C08,C25,42.52
C08,C26,25.55
C08,C27,9.22
C08,C28,6.71
C08,C29,20.12
C08,C30,26.17
C08,C31,26.68
C08,C32,15.13
C08,C33,6.32
C08,C34,18.87
C08,C35,24.33
C08,C36,34.41
C08,C37,24.17
C08,C38,20.4
C08,C39,29.73
C08,C40,34.41
C08,C41,42.43
C08,C42,37.58
C08,C43,40.2
C08,C44,36.06
C08,C45,44.65
C08,C46,20.4
C08,C47,6.32
C08,C48,8.25
C08,C49,21.84
C08,C50,28.07
C09,D1,50.09
C09,D2,26.63
C09,D3,58.9
C09,D4,40.85
C09,C01,35.85
C09,C02,25.94
C09,C03,19.72
C09,C04,10.44
C09,C05,18.44
C09,C06,35.23
C09,C07,25.18
C09,C08,13.6
C09,C10,10.77
C09,C11,40.79
C09,C12,28.79
C09,C13,16.16
C09,C14,13.34
C09,C15,17.0
C09,C16,42.06
C09,C17,39.7
C09,C18,28.6
C09,C19,26.48
C09,C20,23.85
C09,C21,53.41
C09,C22,45.0
C09,C23,32.7
C09,C24,33.02
C09,C25,31.76
C09,C26,38.91
C09,C27,22.36
C09,C28,9.9
C09,C29,13.93
C09,C30,14.76
C09,C31,39.05
C09,C32,28.07
C09,C33,11.18
C09,C34,6.71
C09,C35,11.0
C09,C36,44.01
C09,C37,29.21
C09,C38,18.36
C09,C39,19.31
C09,C40,21.93
C09,C41,50.25
C09,C42,41.73
C09,C43,39.81
C09,C44,30.02
C09,C45,35.11
C09,C46,33.96
C09,C47,19.92
C09,C48,5.39
C09,C49,12.81
C09,C50,15.13
C10,D1,57.87
C10,D2,18.68
C10,D3,69.2
C10,D4,42.3
C10,C01,44.15
C10,C02,33.96
C10,C03,23.85
C10,C04,9.22
C10,C05,10.2
C10,C06,45.0
C10,C07,35.69
C10,C08,23.0
C10,C09,10.77
C10,C11,51.42
C10,C12,39.56
C10,C13,26.93
C10,C14,21.4
C10,C15,13.0
C10,C16,52.77
C10,C17,50.0
C10,C18,38.18
C10,C19,33.54
C10,C20,24.19
C10,C21,63.82
C10,C22,54.49
C10,C23,41.05
C10,C24,38.08
C10,C25,32.39
C10,C26,46.84
C10,C27,30.59
C10,C28,17.26
C10,C29,10.3
C10,C30,4.24
C10,C31,49.37
C10,C32,38.05
C10,C33,21.84
C10,C34,12.21
C10,C35,4.12
C10,C36,54.78
C10,C37,39.66
C10,C38,27.59
C10,C39,22.2
C10,C40,20.62
C10,C41,60.9
C10,C42,51.74
C10,C43,48.26
C10,C44,35.74
C10,C45,37.05
C10,C46,43.19
C10,C47,29.07
C10,C48,15.13
C10,C49,6.32
C10,C50,5.39
C11,D1,30.41
C11,D2,62.65
C11,D3,30.41
C11,D4,62.65
C11,C01,23.09
C11,C02,26.25
C11,C03,39.05
C11,C04,46.62
C11,C05,56.46
C11,C06,13.0
C11,C07,15.81
C11,C08,29.55
C11,C09,40.79
C11,C10,51.42
C11,C12,13.15
C11,C13,25.08
C11,C14,37.34
C11,C15,55.0
C11,C16,12.37
C11,C17,20.59
C11,C18,27.46
C11,C19,39.36
C11,C20,54.34
C11,C21,25.08
C11,C22,30.87
C11,C23,34.83
C11,C24,48.02
C11,C25,58.52
C11,C26,25.5
C11,C27,26.91
C11,C28,36.25
C11,C29,49.66
C11,C30,55.08
C11,C31,6.08
C11,C32,15.62
C11,C33,29.61
C11,C34,43.05
C11,C35,51.62
C11,C36,8.06
C11,C37,19.72
C11,C38,32.02
C11,C39,48.05
C11,C40,55.58
C11,C41,18.25
C11,C42,24.6
C11,C43,36.24
C11,C44,44.78
C11,C45,57.7
C11,C46,17.46
C11,C47,25.24
C11,C48,36.4
C11,C49,51.26
C11,C50,55.9
C12,D1,36.72
C12,D2,52.8
C12,D3,33.29
C12,D4,50.48
C12,C01,24.74
C12,C02,22.36
C12,C03,31.91
C12,C04,36.06
C12,C05,45.79
C12,C06,16.12
C12,C07,7.28
C12,C08,19.8
C12,C09,28.79
C12,C10,39.56
C12,C11,13.15
C12,C13,12.65
C12,C14,24.19
C12,C15,42.05
C12,C16,14.14
C12,C17,16.28
C12,C18,16.4
C12,C19,27.2
C12,C20,41.23
C12,C21,27.46
C12,C22,26.0
C12,C23,24.41
C12,C24,36.24
C12,C25,45.69
C12,C26,28.16
C12,C27,21.19
C12,C28,26.25
C12,C29,39.41
C12,C30,43.46
C12,C31,14.42
C12,C32,12.04
C12,C33,17.89
C12,C34,30.27
C12,C35,39.29
C12,C36,15.23
C12,C37,8.94
C12,C38,18.97
C12,C39,34.93
C12,C40,42.43
C12,C41,22.63
C12,C42,20.1
C12,C43,27.86
C12,C44,32.8
C12,C45,45.28
C12,C46,18.97
C12,C47,17.89
C12,C48,25.06
C12,C49,40.31
C12,C50,43.68
C13,D1,41.04
C13,D2,41.04
C13,D3,43.86
C13,D4,43.86
C13,C01,26.91
C13,C02,19.7
C13,C03,23.54
C13,C04,24.08
C13,C05,33.6
C13,C06,22.36
C13,C07,10.44
C13,C08,10.2
C13,C09,16.16
C13,C10,26.93
C13,C11,25.08
C13,C12,12.65
C13,C14,13.89
C13,C15,30.07
C13,C16,26.08
C13,C17,25.0
C13,C18,17.12
C13,C19,22.36
C13,C20,31.3
C13,C21,38.18
C13,C22,32.31
C13,C23,24.08
C13,C24,31.38
C13,C25,37.2
C13,C26,30.48
C13,C27,16.76
C13,C28,15.26
C13,C29,27.59
C13,C30,30.87
C13,C31,24.33
C13,C32,15.26
C13,C33,5.66
C13,C34,18.0
C13,C35,26.68
C13,C36,27.86
C13,C37,14.42
C13,C38,11.66
C13,C39,25.06
C13,C40,31.62
C13,C41,34.41
C13,C42,27.78
C13,C43,30.07
C13,C44,27.78
C13,C45,38.18
C13,C46,22.8
C13,C47,12.65
C13,C48,12.81
C13,C49,28.02
C13,C50,31.05
C14,D1,54.67
C14,D2,39.36
C14,D3,48.88
C14,D4,30.81
C14,C01,40.36
C14,C02,32.02
C14,C03,30.81
C14,C04,23.77
C14,C05,30.89
C14,C06,36.24
C14,C07,24.17
C14,C08,19.72
C14,C09,13.34
C14,C10,21.4
C14,C11,37.34
C14,C12,24.19
C14,C13,13.89
C14,C15,18.68
C14,C16,34.71
C14,C17,29.97
C14,C18,17.2
C14,C19,13.15
C14,C20,17.46
C14,C21,43.83
C14,C22,33.24
C14,C23,19.72
C14,C24,20.4
C14,C25,23.43
C14,C26,43.86
C14,C27,28.6
C14,C28,20.4
C14,C29,27.2
C14,C30,25.61
C14,C31,37.64
C14,C32,29.15
C14,C33,13.6
C14,C34,9.22
C14,C35,19.1
C14,C36,38.12
C14,C37,20.62
C14,C38,6.71
C14,C39,11.18
C14,C40,18.25
C14,C41,42.06
C14,C42,31.06
C14,C43,26.93
C14,C44,17.12
C14,C45,25.0
C14,C46,36.62
C14,C47,24.84
C14,C48,15.13
C14,C49,25.5
C14,C50,23.43
C15,D1,67.08
C15,D2,30.0
C15,D3,67.08
C15,D4,30.0
C15,C01,52.8
C15,C02,42.94
C15,C03,35.36
C15,C04,21.63
C15,C05,22.2
C15,C06,51.42
C15,C07,40.31
C15,C08,30.46
C15,C09,17.0
C15,C10,13.0
C15,C11,55.0
C15,C12,42.05
C15,C13,30.07
C15,C14,18.68
C15,C16,53.37
C15,C17,48.47
C15,C18,35.34
C15,C19,26.91
C15,C20,12.17
C15,C21,62.24
C15,C22,50.48
C15,C23,35.61
C15,C24,28.65
C15,C25,20.0
C15,C26,55.9
C15,C27,39.36
C15,C28,26.63
C15,C29,23.26
C15,C30,15.13
C15,C31,54.33
C15,C32,44.15
C15,C33,26.68
C15,C34,12.17
C15,C35,8.94
C15,C36,56.57
C15,C37,39.29
C15,C38,25.3
C15,C39,12.81
C15,C40,8.0
C15,C41,60.73
C15,C42,49.19
C15,C43,42.52
C15,C44,27.2
C15,C45,25.18
C15,C46,50.6
C15,C47,36.77
C15,C48,22.36
C15,C49,19.31
C15,C50,10.0
C16,D1,42.76
C16,D2,66.84
C16,D3,19.7
C16,D4,55.03
C16,C01,34.23
C16,C02,34.93
C16,C03,45.8
C16,C04,50.0
C16,C05,59.64
C16,C06,24.08
C16,C07,20.81
C16,C08,33.94
C16,C09,42.06
C16,C10,52.77
C16,C11,12.37
C16,C12,14.14
C16,C13,26.08
C16,C14,34.71
C16,C15,53.37
C16,C17,9.22
C16,C18,20.22
C16,C19,32.56
C16,C20,50.0
C16,C21,13.93
C16,C22,18.87
C16,C23,26.0
C16,C24,40.16
C16,C25,52.61
C16,C26,37.05
C16,C27,34.48
C16,C28,40.36
C16,C29,53.41
C16,C30,56.82
C16,C31,18.11
C16,C32,23.77
C16,C33,31.62
C16,C34,42.38
C16,C35,52.0
C16,C36,5.66
C16,C37,14.14
C16,C38,28.28
C16,C39,44.05
C16,C40,52.15
C16,C41,8.49
C16,C42,12.81
C16,C43,25.61
C16,C44,37.36
C16,C45,50.7
C16,C46,28.28
C16,C47,31.62
C16,C48,38.83
C16,C49,54.08
C16,C50,56.46
C17,D1,50.29
C17,D2,65.8
C17,D3,19.21
C17,D4,46.57
C17,C01,40.11
C17,C02,38.64
C17,C03,47.42
C17,C04,48.84
C17,C05,58.0
C17,C06,30.41
C17,C07,23.54
C17,C08,34.48
C17,C09,39.7
C17,C10,50.0
C17,C11,20.59
C17,C12,16.28
C17,C13,25.0
C17,C14,29.97
C17,C15,48.47
C17,C16,9.22
C17,C18,13.34
C17,C19,25.0
C17,C20,43.42
C17,C21,13.89
C17,C22,10.44
C17,C23,17.46
C17,C24,31.78
C17,C25,45.04
C17,C26,43.29
C17,C27,37.36
C17,C28,40.22
C17,C29,52.4
C17,C30,54.2
C17,C31,25.63
C17,C32,28.07
C17,C33,30.61
C17,C34,38.59
C17,C35,48.55
C17,C36,14.87
C17,C37,10.63
C17,C38,23.26
C17,C39,37.85
C17,C40,46.1
C17,C41,13.0
C17,C42,4.12
C17,C43,16.4
C17,C44,29.27
C17,C45,42.58
C17,C46,34.13
C17,C47,33.84
C17,C48,37.54
C17,C49,52.35
C17,C50,53.0
C18,D1,53.0
C18,D2,55.22
C18,D3,31.76
C18,D4,35.34
C18,C01,40.31
C18,C02,35.51
C18,C03,40.61
C18,C04,38.59
C18,C05,47.01
C18,C06,32.45
C18,C07,21.54
C18,C08,27.29
C18,C09,28.6
C18,C10,38.18
C18,C11,27.46
C18,C12,16.4
C18,C13,17.12
C18,C14,17.2
C18,C15,35.34
C18,C16,20.22
C18,C17,13.34
C18,C19,12.37
C18,C20,30.15
C18,C21,26.93
C18,C22,16.4
C18,C23,8.06
C18,C24,20.59
C18,C25,32.39
C18,C26,43.86
C18,C27,33.14
C18,C28,31.62
C18,C29,42.19
C18,C30,42.43
C18,C31,30.41
C18,C32,27.31
C18,C33,21.84
C18,C34,26.25
C18,C35,36.24
C18,C36,25.0
C18,C37,7.81
C18,C38,10.63
C18,C39,24.52
C18,C40,32.76
C18,C41,26.17
C18,C42,13.89
C18,C43,13.0
C18,C44,17.46
C18,C45,30.68
C18,C46,34.89
C18,C47,29.07
C18,C48,27.73
C18,C49,41.4
C18,C50,40.61
C19,D1,62.48
C19,D2,52.0
C19,D3,41.76
C19,D4,23.32
C19,C01,48.83
C19,C02,42.05
C19,C03,43.29
C19,C04,36.88
C19,C05,43.46
C19,C06,42.43
C19,C07,30.48
C19,C08,31.05
C19,C09,26.48
C19,C10,33.54
C19,C11,39.36
C19,C12,27.2
C19,C13,22.36
C19,C14,13.15
C19,C15,26.91
C19,C16,32.56
C19,C17,25.0
C19,C18,12.37
C19,C20,18.97
C19,C21,37.66
C19,C22,24.17
C19,C23,8.94
C19,C24,9.22
C19,C25,20.1
C19,C26,52.43
C19,C27,39.0
C19,C28,33.06
C19,C29,40.26
C19,C30,37.59
C19,C31,41.62
C19,C32,36.24
C19,C33,24.74
C19,C34,21.54
C19,C35,30.53
C19,C36,37.36
C19,C37,19.7
C19,C38,10.77
C19,C39,14.42
C19,C40,22.36
C19,C41,38.0
C19,C42,24.33
C19,C43,15.62
C19,C44,5.66
C19,C45,18.38
C19,C46,44.05
C19,C47,34.93
C19,C48,28.0
C19,C49,38.28
C19,C50,34.41
C20,D1,71.61
C20,D2,42.05
C20,D3,60.73
C20,D4,18.11
C20,C01,57.2
C20,C02,48.17
C20,C03,43.57
C20,C04,31.62
C20,C05,34.01
C20,C06,53.67
C20,C07,41.63
C20,C08,35.38
C20,C09,23.85
C20,C10,24.19
C20,C11,54.34
C20,C12,41.23
C20,C13,31.3
C20,C14,17.46
C20,C15,12.17
C20,C16,50.0
C20,C17,43.42
C20,C18,30.15
C20,C19,18.97
C20,C21,56.52
C20,C22,43.08
C20,C23,27.86
C20,C24,17.69
C20,C25,8.25
C20,C26,60.61
C20,C27,44.6
C20,C28,33.6
C20,C29,33.96
C20,C30,27.0
C20,C31,55.03
C20,C32,46.53
C20,C33,30.0
C20,C34,17.2
C20,C35,20.1
C20,C36,54.15
C20,C37,36.06
C20,C38,22.36
C20,C39,6.32
C20,C40,4.47
C20,C41,56.32
C20,C42,43.17
C20,C43,34.0
C20,C44,17.2
C20,C45,13.04
C20,C46,53.85
C20,C47,41.23
C20,C48,28.43
C20,C49,30.41
C20,C50,22.09
C21,D1,55.08
C21,D2,79.21
C21,D3,5.83
C21,D4,57.22
C21,C01,47.85
C21,C02,48.85
C21,C03,59.36
C21,C04,62.24
C21,C05,71.59
C21,C06,37.66
C21,C07,34.48
C21,C08,47.01
C21,C09,53.41
C21,C10,63.82
C21,C11,25.08
C21,C12,27.46
C21,C13,38.18
C21,C14,43.83
C21,C15,62.24
C21,C16,13.93
C21,C17,13.89
C21,C18,26.93
C21,C19,37.66
C21,C20,56.52
C21,C22,15.3
C21,C23,29.15
C21,C24,43.0
C21,C25,57.22
C21,C26,50.49
C21,C27,48.3
C21,C28,53.15
C21,C29,65.76
C21,C30,68.01
C21,C31,31.14
C21,C32,37.7
C21,C33,43.84
C21,C34,52.48
C21,C35,62.43
C21,C36,17.03
C21,C37,24.21
C21,C38,37.12
C21,C39,51.24
C21,C40,59.48
C21,C41,7.07
C21,C42,13.34
C21,C43,25.18
C21,C44,41.11
C21,C45,54.0
C21,C46,41.98
C21,C47,45.28
C21,C48,50.93
C21,C49,65.95
C21,C50,66.89
C22,D1,60.73
C22,D2,71.61
C22,D3,18.11
C22,D4,42.05
C22,C01,50.36
C22,C02,48.17
C22,C03,55.66
C22,C04,54.92
C22,C05,63.41
C22,C06,40.79
C22,C07,33.06
C22,C08,42.38
C22,C09,45.0
C22,C10,54.49
C22,C11,30.87
C22,C12,26.0
C22,C13,32.31
C22,C14,33.24
C22,C15,50.48
C22,C16,18.87
C22,C17,10.44
C22,C18,16.4
C22,C19,24.17
C22,C20,43.08
C22,C21,15.3
C22,C23,15.23
C22,C24,28.16
C22,C25,42.76
C22,C26,53.6
C22,C27,46.53
C22,C28,47.42
C22,C29,58.52
C22,C30,58.73
C22,C31,36.06
C22,C32,38.01
C22,C33,37.58
C22,C34,42.43
C22,C35,52.35
C22,C36,24.41
C22,C37,18.44
C22,C38,26.91
C22,C39,38.47
C22,C40,46.52
C22,C41,18.87
C22,C42,6.32
C22,C43,10.0
C22,C44,26.68
C22,C45,39.12
C22,C46,44.41
C22,C47,42.76
C22,C48,43.91
C22,C49,57.8
C22,C50,56.64
C23,D1,61.06
C23,D2,59.06
C23,D3,32.98
C23,D4,29.12
C23,C01,48.33
C23,C02,43.17
C23,C03,47.1
C23,C04,43.08
C23,C05,50.61
C23,C06,40.5
C23,C07,29.55
C23,C08,34.0
C23,C09,32.7
C23,C10,41.05
C23,C11,34.83
C23,C12,24.41
C23,C13,24.08
C23,C14,19.72
C23,C15,35.61
C23,C16,26.0
C23,C17,17.46
C23,C18,8.06
C23,C19,8.94
C23,C20,27.86
C23,C21,29.15
C23,C22,15.23
C23,C24,14.32
C23,C25,28.07
C23,C26,51.89
C23,C27,40.61
C23,C28,37.48
C23,C29,46.62
C23,C30,45.22
C23,C31,38.21
C23,C32,35.34
C23,C33,28.07
C23,C34,28.84
C23,C35,38.42
C23,C36,31.3
C23,C37,15.62
C23,C38,14.56
C23,C39,23.32
C23,C40,31.3
C23,C41,30.27
C23,C42,16.0
C23,C43,7.21
C23,C44,12.0
C23,C45,25.18
C23,C46,42.94
C23,C47,36.5
C23,C48,32.98
C23,C49,45.18
C23,C50,42.52
C24,D1,71.7
C24,D2,56.75
C24,D3,46.27
C24,D4,14.87
C24,C01,58.01
C24,C02,51.0
C24,C03,51.2
C24,C04,43.05
C24,C05,48.27
C24,C06,51.62
C24,C07,39.7
C24,C08,39.56
C24,C09,33.02
C24,C10,38.08
C24,C11,48.02
C24,C12,36.24
C24,C13,31.38
C24,C14,20.4
C24,C15,28.65
C24,C16,40.16
C24,C17,31.78
C24,C18,20.59
C24,C19,9.22
C24,C20,17.69
C24,C21,43.0
C24,C22,28.16
C24,C23,14.32
C24,C25,14.87
C24,C26,61.61
C24,C27,47.85
C24,C28,40.79
C24,C29,46.17
C24,C30,41.76
C24,C31,50.61
C24,C32,45.45
C24,C33,33.24
C24,C34,27.07
C24,C35,34.48
C24,C36,45.31
C24,C37,28.3
C24,C38,19.72
C24,C39,16.16
C24,C40,22.02
C24,C41,44.55
C24,C42,30.15
C24,C43,18.25
C24,C44,3.61
C24,C45,11.0
C24,C46,53.26
C24,C47,43.83
C24,C48,35.51
C24,C49,43.57
C24,C50,37.7
C25,D1,78.1
C25,D2,50.0
C25,D3,60.83
C25,D4,10.0
C25,C01,63.78
C25,C02,55.17
C25,C03,51.48
C25,C04,39.85
C25,C05,42.11
C25,C06,59.36
C25,C07,47.17
C25,C08,42.52
C25,C09,31.76
C25,C10,32.39
C25,C11,58.52
C25,C12,45.69
C25,C13,37.2
C25,C14,23.43
C25,C15,20.0
C25,C16,52.61
C25,C17,45.04
C25,C18,32.39
C25,C19,20.1
C25,C20,8.25
C25,C21,57.22
C25,C22,42.76
C25,C23,28.07
C25,C24,14.87
C25,C26,67.27
C25,C27,51.66
C25,C28,41.34
C25,C29,42.2
C25,C30,35.06
C25,C31,59.93
C25,C32,52.43
C25,C33,36.77
C25,C34,25.06
C25,C35,28.28
C25,C36,57.27
C25,C37,39.29
C25,C38,26.83
C25,C39,12.81
C25,C40,12.0
C25,C41,58.03
C25,C42,44.05
C25,C43,32.98
C25,C44,16.12
C25,C45,5.83
C25,C46,60.0
C25,C47,48.08
C25,C48,36.06
C25,C49,38.64
C25,C50,30.0
C26,D1,11.18
C26,D2,50.25
C26,D3,55.9
C26,D4,74.33
C26,C01,3.61
C26,C02,13.0
C26,C03,25.0
C26,C04,38.64
C26,C05,47.1
C26,C06,13.0
C26,C07,22.36
C26,C08,25.55
C26,C09,38.91
C26,C10,46.84
C26,C11,25.5
C26,C12,28.16
C26,C13,30.48
C26,C14,43.86
C26,C15,55.9
C26,C16,37.05
C26,C17,43.29
C26,C18,43.86
C26,C19,52.43
C26,C20,60.61
C26,C21,50.49
C26,C22,53.6
C26,C23,51.89
C26,C24,61.61
C26,C25,67.27
C26,C27,16.55
C26,C28,29.73
C26,C29,40.2
C26,C30,49.03
C26,C31,19.42
C26,C32,16.55
C26,C33,30.61
C26,C34,44.42
C26,C35,49.04
C26,C36,33.54
C26,C37,37.0
C26,C38,42.01
C26,C39,54.67
C26,C40,59.91
C26,C41,43.74
C26,C42,47.38
C26,C43,55.97
C26,C44,58.01
C26,C45,68.62
C26,C46,9.22
C26,C47,19.42
C26,C48,33.54
C26,C49,43.57
C26,C50,52.2
C27,D1,27.73
C27,D2,37.0
C27,D3,54.12
C27,D4,59.41
C27,C01,13.6
C27,C02,3.61
C27,C03,12.21
C27,C04,23.0
C27,C05,32.25
C27,C06,16.16
C27,C07,13.93
C27,C08,9.22
C27,C09,22.36
C27,C10,30.59
C27,C11,26.91
C27,C12,21.19
C27,C13,16.76
C27,C14,28.6
C27,C15,39.36
C27,C16,34.48
C27,C17,37.36
C27,C18,33.14
C27,C19,39.0
C27,C20,44.6
C27,C21,48.3
C27,C22,46.53
C27,C23,40.61
C27,C24,47.85
C27,C25,51.66
C27,C26,16.55
C27,C28,13.34
C27,C29,25.18
C27,C30,33.14
C27,C31,22.47
C27,C32,11.31
C27,C33,15.0
C27,C34,28.02
C27,C35,32.57
C27,C36,33.42
C27,C37,28.16
C27,C38,28.23
C27,C39,38.9
C27,C40,43.6
C27,C41,42.72
C27,C42,41.0
C27,C43,46.1
C27,C44,44.28
C27,C45,53.6
C27,C46,13.15
C27,C47,4.12
C27,C48,17.0
C27,C49,28.0
C27,C50,35.9
C28,D1,40.85
C28,D2,26.63
C28,D3,58.9
C28,D4,50.09
C28,C01,26.93
C28,C02,16.76
C28,C03,10.44
C28,C04,10.44
C28,C05,20.25
C28,C06,28.16
C28,C07,20.59
C28,C08,6.71
C28,C09,9.9
C28,C10,17.26
C28,C11,36.25
C28,C12,26.25
C28,C13,15.26
C28,C14,20.4
C28,C15,26.63
C28,C16,40.36
C28,C17,40.22
C28,C18,31.62
C28,C19,33.06
C28,C20,33.6
C28,C21,53.15
C28,C22,47.42
C28,C23,37.48
C28,C24,40.79
C28,C25,41.34
C28,C26,29.73
C28,C27,13.34
C28,C29,13.42
C28,C30,20.0
C28,C31,33.24
C28,C32,21.59
C28,C33,9.85
C28,C34,16.4
C28,C35,19.31
C28,C36,41.05
C28,C37,29.68
C28,C38,23.09
C28,C39,28.65
C28,C40,31.83
C28,C41,48.84
C28,C42,43.05
C28,C43,44.15
C28,C44,37.48
C28,C45,44.28
C28,C46,26.02
C28,C47,12.04
C28,C48,5.39
C28,C49,15.3
C28,C50,22.56
C29,D1,50.8
C29,D2,13.45
C29,D3,71.42
C29,D4,51.97
C29,C01,38.01
C29,C02,28.02
C29,C03,15.52
C29,C04,3.61
C29,C05,7.07
C29,C06,41.0
C29,C07,34.0
C29,C08,20.12
C29,C09,13.93
C29,C10,10.3
C29,C11,49.66
C29,C12,39.41
C29,C13,27.59
C29,C14,27.2
C29,C15,23.26
C29,C16,53.41
C29,C17,52.4
C29,C18,42.19
C29,C19,40.26
C29,C20,33.96
C29,C21,65.76
C29,C22,58.52
C29,C23,46.62
C29,C24,46.17
C29,C25,42.2
C29,C26,40.2
C29,C27,25.18
C29,C28,13.42
C29,C30,10.0
C29,C31,46.49
C29,C32,34.79
C29,C33,21.93
C29,C34,19.1
C29,C35,14.32
C29,C36,54.38
C29,C37,41.77
C29,C38,32.2
C29,C39,31.06
C29,C40,30.68
C29,C41,61.85
C29,C42,54.82
C29,C43,53.71
C29,C44,43.42
C29,C45,46.53
C29,C46,38.33
C29,C47,25.0
C29,C48,14.87
C29,C49,4.24
C29,C50,14.87
C30,D1,59.91
C30,D2,15.13
C30,D3,73.41
C30,D4,45.04
C30,C01,46.53
C30,C02,36.35
C30,C03,25.08
C30,C04,10.44
C30,C05,7.07
C30,C06,48.09
C30,C07,39.29
C30,C08,26.17
C30,C09,14.76
C30,C10,4.24
C30,C11,55.08
C30,C12,43.46
C30,C13,30.87
C30,C14,25.61
C30,C15,15.13
C30,C16,56.82
C30,C17,54.2
C30,C18,42.43
C30,C19,37.59
C30,C20,27.0
C30,C21,68.01
C30,C22,58.73
C30,C23,45.22
C30,C24,41.76
C30,C25,35.06
C30,C26,49.03
C30,C27,33.14
C30,C28,20.0
C30,C29,10.0
C30,C31,52.77
C30,C32,41.3
C30,C33,25.63
C30,C34,16.4
C30,C35,7.28
C30,C36,58.69
C30,C37,43.83
C30,C38,31.83
C30,C39,25.71
C30,C40,23.09
C30,C41,65.0
C30,C42,55.97
C30,C43,52.43
C30,C44,39.56
C30,C45,40.01
C30,C46,46.01
C30,C47,32.02
C30,C48,18.68
C30,C49,5.83
C30,C50,5.39
C31,D1,24.74
C31,D2,59.09
C31,D3,36.5
C31,D4,64.9
C31,C01,17.09
C31,C02,21.26
C31,C03,34.67
C31,C04,43.68
C31,C05,53.45
C31,C06,7.21
C31,C07,14.04
C31,C08,26.68
C31,C09,39.05
C31,C10,49.37
C31,C11,6.08
C31,C12,14.42
C31,C13,24.33
C31,C14,37.64
C31,C15,54.33
C31,C16,18.11
C31,C17,25.63
C31,C18,30.41
C31,C19,41.62
C31,C20,55.03
C31,C21,31.14
C31,C22,36.06
C31,C23,38.21
C31,C24,50.61
C31,C25,59.93
C31,C26,19.42
C31,C27,22.47
C31,C28,33.24
C31,C29,46.49
C31,C30,52.77
C31,C32,11.7
C31,C33,28.0
C31,C34,42.19
C31,C35,50.04
C31,C36,14.14
C31,C37,22.63
C31,C38,33.11
C31,C39,48.7
C31,C40,55.79
C31,C41,24.33
C31,C42,29.73
C31,C43,40.5
C31,C44,47.2
C31,C45,59.68
C31,C46,11.66
C31,C47,21.54
C31,C48,34.23
C31,C49,48.51
C31,C50,54.15
C32,D1,26.25
C32,D2,47.42
C32,D3,43.46
C32,D4,58.73
C32,C01,13.0
C32,C02,11.18
C32,C03,23.43
C32,C04,32.02
C32,C05,41.76
C32,C06,7.28
C32,C07,5.83
C32,C08,15.13
C32,C09,28.07
C32,C10,38.05
C32,C11,15.62
C32,C12,12.04
C32,C13,15.26
C32,C14,29.15
C32,C15,44.15
C32,C16,23.77
C32,C17,28.07
C32,C18,27.31
C32,C19,36.24
C32,C20,46.53
C32,C21,37.7
C32,C22,38.01
C32,C23,35.34
C32,C24,45.45
C32,C25,52.43
C32,C26,16.55
C32,C27,11.31
C32,C28,21.59
C32,C29,34.79
C32,C30,41.3
C32,C31,11.7
C32,C33,17.46
C32,C34,32.02
C32,C35,39.05
C32,C36,22.2
C32,C37,20.62
C32,C38,26.17
C32,C39,40.31
C32,C40,46.62
C32,C41,31.76
C32,C42,32.02
C32,C43,39.56
C32,C44,41.87
C32,C45,53.15
C32,C46,7.81
C32,C47,9.85
C32,C48,23.0
C32,C49,36.88
C32,C50,43.0
C33,D1,41.62
C33,D2,35.38
C33,D3,49.52
C33,D4,44.41
C33,C01,27.2
C33,C02,18.44
C33,C03,19.03
C33,C04,18.44
C33,C05,28.02
C33,C06,24.74
C33,C07,14.04
C33,C08,6.32
C33,C09,11.18
C33,C10,21.84
C33,C11,29.61
C33,C12,17.89
C33,C13,5.66
C33,C14,13.6
C33,C15,26.68
C33,C16,31.62
C33,C17,30.61
C33,C18,21.84
C33,C19,24.74
C33,C20,30.0
C33,C21,43.84
C33,C22,37.58
C33,C23,28.07
C33,C24,33.24
C33,C25,36.77
C33,C26,30.61
C33,C27,15.0
C33,C28,9.85
C33,C29,21.93
C33,C30,25.63
C33,C31,28.0
C33,C32,17.46
C33,C34,14.56
C33,C35,22.09
C33,C36,33.11
C33,C37,20.0
C33,C38,14.14
C33,C39,24.08
C33,C40,29.53
C33,C41,40.0
C33,C42,33.29
C33,C43,34.53
C33,C44,29.73
C33,C45,38.6
C33,C46,24.17
C33,C47,11.31
C33,C48,7.21
C33,C49,22.47
C33,C50,26.31
C34,D1,55.57
C34,D2,30.46
C34,D3,57.69
C34,D4,34.18
C34,C01,41.18
C34,C02,31.62
C34,C03,26.42
C34,C04,16.0
C34,C05,21.93
C34,C06,39.29
C34,C07,28.16
C34,C08,18.87
C34,C09,6.71
C34,C10,12.21
C34,C11,43.05
C34,C12,30.27
C34,C13,18.0
C34,C14,9.22
C34,C15,12.17
C34,C16,42.38
C34,C17,38.59
C34,C18,26.25
C34,C19,21.54
C34,C20,17.2
C34,C21,52.48
C34,C22,42.43
C34,C23,28.84
C34,C24,27.07
C34,C25,25.06
C34,C26,44.42
C34,C27,28.02
C34,C28,16.4
C34,C29,19.1
C34,C30,16.4
C34,C31,42.19
C34,C32,32.02
C34,C33,14.56
C34,C35,10.0
C34,C36,45.12
C34,C37,28.64
C34,C38,15.62
C34,C39,12.65
C34,C40,15.62
C34,C41,50.16
C34,C42,40.0
C34,C43,36.06
C34,C44,24.33
C34,C45,28.46
C34,C46,38.63
C34,C47,25.06
C34,C48,11.31
C34,C49,16.76
C34,C50,14.42
C35,D1,60.17
C35,D2,22.36
C35,D3,67.68
C35,D4,38.21
C35,C01,46.17
C35,C02,36.06
C35,C03,27.02
C35,C04,12.81
C35,C05,14.04
C35,C06,46.17
C35,C07,36.12
C35,C08,24.33
C35,C09,11.0
C35,C10,4.12
C35,C11,51.62
C35,C12,39.29
C35,C13,26.68
C35,C14,19.1
C35,C15,8.94
C35,C16,52.0
C35,C17,48.55
C35,C18,36.24
C35,C19,30.53
C35,C20,20.1
C35,C21,62.43
C35,C22,52.35
C35,C23,38.42
C35,C24,34.48
C35,C25,28.28
C35,C26,49.04
C35,C27,32.57
C35,C28,19.31
C35,C29,14.32
C35,C30,7.28
C35,C31,50.04
C35,C32,39.05
C35,C33,22.09
C35,C34,10.0
C35,C36,54.41
C35,C37,38.47
C35,C38,25.61
C35,C39,18.44
C35,C40,16.49
C35,C41,59.93
C35,C42,50.0
C35,C43,45.61
C35,C44,32.31
C35,C45,33.02
C35,C46,44.72
C35,C47,30.59
C35,C48,16.12
C35,C49,10.44
C35,C50,4.47
C36,D1,38.21
C36,D2,67.68
C36,D3,22.36
C36,D4,60.17
C36,C01,31.05
C36,C02,33.29
C36,C03,45.28
C36,C04,51.11
C36,C05,60.9
C36,C06,20.88
C36,C07,20.62
C36,C08,34.41
C36,C09,44.01
C36,C10,54.78
C36,C11,8.06
C36,C12,15.23
C36,C13,27.86
C36,C14,38.12
C36,C15,56.57
C36,C16,5.66
C36,C17,14.87
C36,C18,25.0
C36,C19,37.36
C36,C20,54.15
C36,C21,17.03
C36,C22,24.41
C36,C23,31.3
C36,C24,45.31
C36,C25,57.27
C36,C26,33.54
C36,C27,33.42
C36,C28,41.05
C36,C29,54.38
C36,C30,58.69
C36,C31,14.14
C36,C32,22.2
C36,C33,33.11
C36,C34,45.12
C36,C35,54.41
C36,C37,18.11
C36,C38,32.0
C36,C39,48.04
C36,C40,56.0
C36,C41,10.2
C36,C42,18.44
C36,C43,31.24
C36,C44,42.38
C36,C45,55.66
C36,C46,25.3
C36,C47,31.11
C36,C48,40.25
C36,C49,55.47
C36,C50,58.82
C37,D1,45.65
C37,D2,55.17
C37,D3,29.73
C37,D4,42.94
C37,C01,33.53
C37,C02,30.0
C37,C03,37.34
C37,C04,38.21
C37,C05,47.42
C37,C06,25.06
C37,C07,15.13
C37,C08,24.17
C37,C09,29.21
C37,C10,39.66
C37,C11,19.72
C37,C12,8.94
C37,C13,14.42
C37,C14,20.62
C37,C15,39.29
C37,C16,14.14
C37,C17,10.63
C37,C18,7.81
C37,C19,19.7
C37,C20,36.06
C37,C21,24.21
C37,C22,18.44
C37,C23,15.62
C37,C24,28.3
C37,C25,39.29
C37,C26,37.0
C37,C27,28.16
C37,C28,29.68
C37,C29,41.77
C37,C30,43.83
C37,C31,22.63
C37,C32,20.62
C37,C33,20.0
C37,C34,28.64
C37,C35,38.47
C37,C36,18.11
C37,C38,14.14
C37,C39,30.0
C37,C40,38.05
C37,C41,21.54
C37,C42,13.42
C37,C43,18.97
C37,C44,25.06
C37,C45,38.08
C37,C46,27.86
C37,C47,24.33
C37,C48,26.91
C37,C49,41.77
C37,C50,42.94
C38,D1,52.35
C38,D2,44.94
C38,D3,42.19
C38,D4,32.56
C38,C01,38.42
C38,C02,31.3
C38,C03,33.02
C38,C04,28.64
C38,C05,36.62
C38,C06,32.8
C38,C07,20.62
C38,C08,20.4
C38,C09,18.36
C38,C10,27.59
C38,C11,32.02
C38,C12,18.97
C38,C13,11.66
C38,C14,6.71
C38,C15,25.3
C38,C16,28.28
C38,C17,23.26
C38,C18,10.63
C38,C19,10.77
C38,C20,22.36
C38,C21,37.12
C38,C22,26.91
C38,C23,14.56
C38,C24,19.72
C38,C25,26.83
C38,C26,42.01
C38,C27,28.23
C38,C28,23.09
C38,C29,32.2
C38,C30,31.83
C38,C31,33.11
C38,C32,26.17
C38,C33,14.14
C38,C34,15.62
C38,C35,25.61
C38,C36,32.0
C38,C37,14.14
C38,C39,16.12
C38,C40,24.0
C38,C41,35.44
C38,C42,24.41
C38,C43,21.54
C38,C44,16.12
C38,C45,27.02
C38,C46,33.94
C38,C47,24.17
C38,C48,18.44
C38,C49,31.06
C38,C50,30.0
C39,D1,65.6
C39,D2,40.79
C39,D3,55.71
C39,D4,21.54
C39,C01,51.22
C39,C02,42.43
C39,C03,38.91
C39,C04,28.28
C39,C05,32.39
C39,C06,47.41
C39,C07,35.34
C39,C08,29.73
C39,C09,19.31
C39,C10,22.2
C39,C11,48.05
C39,C12,34.93
C39,C13,25.06
C39,C14,11.18
C39,C15,12.81
C39,C16,44.05
C39,C17,37.85
C39,C18,24.52
C39,C19,14.42
C39,C20,6.32
C39,C21,51.24
C39,C22,38.47
C39,C23,23.32
C39,C24,16.16
C39,C25,12.81
C39,C26,54.67
C39,C27,38.9
C39,C28,28.65
C39,C29,31.06
C39,C30,25.71
C39,C31,48.7
C39,C32,40.31
C39,C33,24.08
C39,C34,12.65
C39,C35,18.44
C39,C36,48.04
C39,C37,30.0
C39,C38,16.12
C39,C40,8.25
C39,C41,50.64
C39,C42,37.95
C39,C43,30.0
C39,C44,14.42
C39,C45,15.81
C39,C46,47.71
C39,C47,35.38
C39,C48,23.32
C39,C49,28.02
C39,C50,21.54
C40,D1,71.02
C40,D2,38.0
C40,D3,63.91
C40,D4,22.0
C40,C01,56.6
C40,C02,47.2
C40,C03,41.4
C40,C04,28.64
C40,C05,30.15
C40,C06,53.85
C40,C07,42.06
C40,C08,34.41
C40,C09,21.93
C40,C10,20.62
C40,C11,55.58
C40,C12,42.43
C40,C13,31.62
C40,C14,18.25
C40,C15,8.0
C40,C16,52.15
C40,C17,46.1
C40,C18,32.76
C40,C19,22.36
C40,C20,4.47
C40,C21,59.48
C40,C22,46.52
C40,C23,31.3
C40,C24,22.02
C40,C25,12.0
C40,C26,59.91
C40,C27,43.6
C40,C28,31.83
C40,C29,30.68
C40,C30,23.09
C40,C31,55.79
C40,C32,46.62
C40,C33,29.53
C40,C34,15.62
C40,C35,16.49
C40,C36,56.0
C40,C37,38.05
C40,C38,24.0
C40,C39,8.25
C40,C41,58.86
C40,C42,46.17
C40,C43,37.74
C40,C44,21.26
C40,C45,17.26
C40,C46,53.67
C40,C47,40.5
C40,C48,26.91
C40,C49,26.93
C40,C50,18.0
C41,D1,48.04
C41,D2,75.29
C41,D3,12.17
C41,D4,59.23
C41,C01,41.23
C41,C02,42.94
C41,C03,54.2
C41,C04,58.41
C41,C05,68.01
C41,C06,31.05
C41,C07,29.21
C41,C08,42.43
C41,C09,50.25
C41,C10,60.9
C41,C11,18.25
C41,C12,22.63
C41,C13,34.41
C41,C14,42.06
C41,C15,60.73
C41,C16,8.49
C41,C17,13.0
C41,C18,26.17
C41,C19,38.0
C41,C20,56.32
C41,C21,7.07
C41,C22,18.87
C41,C23,30.27
C41,C24,44.55
C41,C25,58.03
C41,C26,43.74
C41,C27,42.72
C41,C28,48.84
C41,C29,61.85
C41,C30,65.0
C41,C31,24.33
C41,C32,31.76
C41,C33,40.0
C41,C34,50.16
C41,C35,59.93
C41,C36,10.2
C41,C37,21.54
C41,C38,35.44
C41,C39,50.64
C41,C40,58.86
C41,C42,14.56
C41,C43,27.86
C41,C44,42.19
C41,C45,55.44
C41,C46,35.44
C41,C47,40.0
C41,C48,47.2
C41,C49,62.43
C41,C50,64.4
C42,D1,54.41
C42,D2,68.12
C42,D3,17.89
C42,D4,44.72
C42,C01,44.18
C42,C02,42.43
C42,C03,50.7
C42,C04,51.22
C42,C05,60.14
C42,C06,34.53
C42,C07,27.29
C42,C08,37.58
C42,C09,41.73
C42,C10,51.74
C42,C11,24.6
C42,C12,20.1
C42,C13,27.78
C42,C14,31.06
C42,C15,49.19
C42,C16,12.81
C42,C17,4.12
C42,C18,13.89
C42,C19,24.33
C42,C20,43.17
C42,C21,13.34
C42,C22,6.32
C42,C23,16.0
C42,C24,30.15
C42,C25,44.05
C42,C26,47.38
C42,C27,41.0
C42,C28,43.05
C42,C29,54.82
C42,C30,55.97
C42,C31,29.73
C42,C32,32.02
C42,C33,33.29
C42,C34,40.0
C42,C35,50.0
C42,C36,18.44
C42,C37,13.42
C42,C38,24.41
C42,C39,37.95
C42,C40,46.17
C42,C41,14.56
C42,C43,13.42
C42,C44,28.0
C42,C45,41.11
C42,C46,38.21
C42,C47,37.36
C42,C48,40.0
C42,C49,54.49
C42,C50,54.41
C43,D1,64.4
C43,D2,66.24
C43,D3,28.07
C43,D4,32.06
C43,C01,52.5
C43,C02,48.37
C43,C03,53.46
C43,C04,50.16
C43,C05,57.8
C43,C06,43.86
C43,C07,33.96
C43,C08,40.2
C43,C09,39.81
C43,C10,48.26
C43,C11,36.24
C43,C12,27.86
C43,C13,30.07
C43,C14,26.93
C43,C15,42.52
C43,C16,25.61
C43,C17,16.4
C43,C18,13.0
C43,C19,15.62
C43,C20,34.0
C43,C21,25.18
C43,C22,10.0
C43,C23,7.21
C43,C24,18.25
C43,C25,32.98
C43,C26,55.97
C43,C27,46.1
C43,C28,44.15
C43,C29,53.71
C43,C30,52.43
C43,C31,40.5
C43,C32,39.56
C43,C33,34.53
C43,C34,36.06
C43,C35,45.61
C43,C36,31.24
C43,C37,18.97
C43,C38,21.54
C43,C39,30.0
C43,C40,37.74
C43,C41,27.86
C43,C42,13.42
C43,C44,17.09
C43,C45,29.15
C43,C46,46.82
C43,C47,42.05
C43,C48,39.85
C43,C49,52.35
C43,C50,49.68
C44,D1,68.12
C44,D2,54.41
C44,D3,44.72
C44,D4,17.89
C44,C01,54.41
C44,C02,47.41
C44,C03,47.85
C44,C04,40.2
C44,C05,45.88
C44,C06,48.08
C44,C07,36.12
C44,C08,36.06
C44,C09,30.02
C44,C10,35.74
C44,C11,44.78
C44,C12,32.8
C44,C13,27.78
C44,C14,17.12
C44,C15,27.2
C44,C16,37.36
C44,C17,29.27
C44,C18,17.46
C44,C19,5.66
C44,C20,17.2
C44,C21,41.11
C44,C22,26.68
C44,C23,12.0
C44,C24,3.61
C44,C25,16.12
C44,C26,58.01
C44,C27,44.28
C44,C28,37.48
C44,C29,43.42
C44,C30,39.56
C44,C31,47.2
C44,C32,41.87
C44,C33,29.73
C44,C34,24.33
C44,C35,32.31
C44,C36,42.38
C44,C37,25.06
C44,C38,16.12
C44,C39,14.42
C44,C40,21.26
C44,C41,42.19
C44,C42,28.0
C44,C43,17.09
C44,C45,13.34
C44,C46,49.68
C44,C47,40.25
C44,C48,32.25
C44,C49,41.0
C44,C50,35.78
C45,D1,79.21
C45,D2,55.08
C45,D3,57.22
C45,D4,5.83
C45,C01,65.07
C45,C02,57.01
C45,C03,54.63
C45,C04,43.93
C45,C05,47.0
C45,C06,59.82
C45,C07,47.63
C45,C08,44.65
C45,C09,35.11
C45,C10,37.05
C45,C11,57.7
C45,C12,45.28
C45,C13,38.18
C45,C14,25.0
C45,C15,25.18
C45,C16,50.7
C45,C17,42.58
C45,C18,30.68
C45,C19,18.38
C45,C20,13.04
C45,C21,54.0
C45,C22,39.12
C45,C23,25.18
C45,C24,11.0
C45,C25,5.83
C45,C26,68.62
C45,C27,53.6
C45,C28,44.28
C45,C29,46.53
C45,C30,40.01
C45,C31,59.68
C45,C32,53.15
C45,C33,38.6
C45,C34,28.46
C45,C35,33.02
C45,C36,55.66
C45,C37,38.08
C45,C38,27.02
C45,C39,15.81
C45,C40,17.26
C45,C41,55.44
C45,C42,41.11
C45,C43,29.15
C45,C44,13.34
C45,C46,60.88
C45,C47,49.82
C45,C48,38.91
C45,C49,43.19
C45,C50,35.13
C46,D1,18.44
C46,D2,50.0
C46,D3,47.54
C46,D4,66.48
C46,C01,6.0
C46,C02,10.77
C46,C03,24.7
C46,C04,36.06
C46,C05,45.4
C46,C06,4.47
C46,C07,13.6
C46,C08,20.4
C46,C09,33.96
C46,C10,43.19
C46,C11,17.46
C46,C12,18.97
C46,C13,22.8
C46,C14,36.62
C46,C15,50.6
C46,C16,28.28
C46,C17,34.13
C46,C18,34.89
C46,C19,44.05
C46,C20,53.85
C46,C21,41.98
C46,C22,44.41
C46,C23,42.94
C46,C24,53.26
C46,C25,60.0
C46,C26,9.22
C46,C27,13.15
C46,C28,26.02
C46,C29,38.33
C46,C30,46.01
C46,C31,11.66
C46,C32,7.81
C46,C33,24.17
C46,C34,38.63
C46,C35,44.72
C46,C36,25.3
C46,C37,27.86
C46,C38,33.94
C46,C39,47.71
C46,C40,53.67
C46,C41,35.44
C46,C42,38.21
C46,C43,46.82
C46,C44,49.68
C46,C45,60.88
C46,C47,14.14
C46,C48,28.64
C46,C49,41.05
C46,C50,48.37
C47,D1,30.53
C47,D2,37.58
C47,D3,51.11
C47,D4,55.61
C47,C01,16.12
C47,C02,7.21
C47,C03,14.21
C47,C04,22.36
C47,C05,32.02
C47,C06,16.12
C47,C07,10.82
C47,C08,6.32
C47,C09,19.92
C47,C10,29.07
C47,C11,25.24
C47,C12,17.89
C47,C13,12.65
C47,C14,24.84
C47,C15,36.77
C47,C16,31.62
C47,C17,33.84
C47,C18,29.07
C47,C19,34.93
C47,C20,41.23
C47,C21,45.28
C47,C22,42.76
C47,C23,36.5
C47,C24,43.83
C47,C25,48.08
C47,C26,19.42
C47,C27,4.12
C47,C28,12.04
C47,C29,25.0
C47,C30,32.02
C47,C31,21.54
C47,C32,9.85
C47,C33,11.31
C47,C34,25.06
C47,C35,30.59
C47,C36,31.11
C47,C37,24.33
C47,C38,24.17
C47,C39,35.38
C47,C40,40.5
C47,C41,40.0
C47,C42,37.36
C47,C43,42.05
C47,C44,40.25
C47,C45,49.82
C47,C46,14.14
C47,C48,14.56
C47,C49,27.29
C47,C50,34.23
C48,D1,44.72
C48,D2,28.28
C48,D3,56.57
C48,D4,44.72
C48,C01,30.46
C48,C02,20.59
C48,C03,15.81
C48,C04,11.31
C48,C05,20.81
C48,C06,30.07
C48,C07,20.62
C48,C08,8.25
C48,C09,5.39
C48,C10,15.13
C48,C11,36.4
C48,C12,25.06
C48,C13,12.81
C48,C14,15.13
C48,C15,22.36
C48,C16,38.83
C48,C17,37.54
C48,C18,27.73
C48,C19,28.0
C48,C20,28.43
C48,C21,50.93
C48,C22,43.91
C48,C23,32.98
C48,C24,35.51
C48,C25,36.06
C48,C26,33.54
C48,C27,17.0
C48,C28,5.39
C48,C29,14.87
C48,C30,18.68
C48,C31,34.23
C48,C32,23.0
C48,C33,7.21
C48,C34,11.31
C48,C35,16.12
C48,C36,40.25
C48,C37,26.91
C48,C38,18.44
C48,C39,23.32
C48,C40,26.91
C48,C41,47.2
C48,C42,40.0
C48,C43,39.85
C48,C44,32.25
C48,C45,38.91
C48,C46,28.64
C48,C47,14.56
C48,C49,15.26
C48,C50,20.0
C49,D1,54.34
C49,D2,13.89
C49,D3,71.51
C49,D4,48.51
C49,C01,41.19
C49,C02,31.06
C49,C03,19.31
C49,C04,5.0
C49,C05,5.66
C49,C06,43.42
C49,C07,35.47
C49,C08,21.84
C49,C09,12.81
C49,C10,6.32
C49,C11,51.26
C49,C12,40.31
C49,C13,28.02
C49,C14,25.5
C49,C15,19.31
C49,C16,54.08
C49,C17,52.35
C49,C18,41.4
C49,C19,38.28
C49,C20,30.41
C49,C21,65.95
C49,C22,57.8
C49,C23,45.18
C49,C24,43.57
C49,C25,38.64
C49,C26,43.57
C49,C27,28.0
C49,C28,15.3
C49,C29,4.24
C49,C30,5.83
C49,C31,48.51
C49,C32,36.88
C49,C33,22.47
C49,C34,16.76
C49,C35,10.44
C49,C36,55.47
C49,C37,41.77
C49,C38,31.06
C49,C39,28.02
C49,C40,26.93
C49,C41,62.43
C49,C42,54.49
C49,C43,52.35
C49,C44,41.0
C49,C45,43.19
C49,C46,41.05
C49,C47,27.29
C49,C48,15.26
C49,C50,10.63
C50,D1,63.25
C50,D2,20.0
C50,D3,72.11
C50,D4,40.0
C50,C01,49.48
C50,C02,39.29
C50,C03,29.15
C50,C04,14.42
C50,C05,12.37
C50,C06,50.04
C50,C07,40.31
C50,C08,28.07
C50,C09,15.13
C50,C10,5.39
C50,C11,55.9
C50,C12,43.68
C50,C13,31.05
C50,C14,23.43
C50,C15,10.0
C50,C16,56.46
C50,C17,53.0
C50,C18,40.61
C50,C19,34.41
C50,C20,22.09
C50,C21,66.89
C50,C22,56.64
C50,C23,42.52
C50,C24,37.7
C50,C25,30.0
C50,C26,52.2
C50,C27,35.9
C50,C28,22.56
C50,C29,14.87
C50,C30,5.39
C50,C31,54.15
C50,C32,43.0
C50,C33,26.31
C50,C34,14.42
C50,C35,4.47
C50,C36,58.82
C50,C37,42.94
C50,C38,30.0
C50,C39,21.54
C50,C40,18.0
C50,C41,64.4
C50,C42,54.41
C50,C43,49.68
C50,C44,35.78
C50,C45,35.13
C50,C46,48.37
C50,C47,34.23
C50,C48,20.0
C50,C49,10.63
